{
    "maxIterAtScale": [
        20000,
        32000,
        32000,
        32000,
        32000,
        32000
    ],
    "alphaJumpMode": "linear",
    "alphaNJumps": [
        0,
        600,
        600,
        600,
        600,
        600,
        600,
        600,
        600
    ],
    "alphaSizeJumps": [
        0,
        32,
        32,
        32,
        32,
        32,
        32,
        32,
        32,
        32
    ],
    "depthScales": [
        128,
        128,
        128,
        128,
        64,
        32
    ],
    "miniBatchSize": 16,
    "dimLatentVector": 30,
    "initBiasToZero": true,
    "perChannelNormalization": true,
    "lossMode": "WGANGP",
    "lambdaGP": 10.0,
    "leakyness": 0.2,
    "epsilonD": 0.001,
    "miniBatchStdDev": true,
    "baseLearningRate": 0.001,
    "dimOutput": 3,
    "weightConditionG": 0.0,
    "weightConditionD": 0.0,
    "attribKeysOrder": null,
    "means": [
        0.69975868,
        0.37522094,
        0.26058703
    ],
    "stds": [
        0.45836281,
        0.28694037,
        0.23103993
    ],
    "GDPP": false
}